{"cameraMode":{"drawMode":0,"name":"Shaded","section":"Shading Mode"},"sceneLighting":true,"audioPlay":false,"sceneViewState":{"m_AlwaysRefresh":false,"showFog":true,"showSkybox":true,"showFlares":true,"showImageEffects":true,"showParticleSystems":true,"showVisualEffectGraphs":true,"m_FxEnabled":true},"in2DMode":false,"pivot":{"x":224.132080078125,"y":-59.51112365722656,"z":105.69380187988281},"rotation":{"x":-0.4829792082309723,"y":0.026784256100654603,"z":-0.014782493002712727,"w":-0.8751015663146973},"size":134.54518127441407,"orthographic":false}