{"cameraMode":{"drawMode":0,"name":"Shaded","section":"Shading Mode"},"sceneLighting":false,"audioPlay":false,"sceneViewState":{"m_AlwaysRefresh":false,"showFog":true,"showSkybox":false,"showFlares":true,"showImageEffects":true,"showParticleSystems":true,"showVisualEffectGraphs":true,"m_FxEnabled":true},"in2DMode":false,"pivot":{"x":1.2180747985839844,"y":-1.339399814605713,"z":0.05563020706176758},"rotation":{"x":0.08845648169517517,"y":0.889889121055603,"z":-0.19555146992206574,"w":0.40253546833992007},"size":6.246647834777832,"orthographic":false}